{"assets/imgs/.DS_Store":["assets/imgs/.DS_Store"],"assets/imgs/2ac2cd71b173afd9b611dc39d96cbe68.png":["assets/imgs/2ac2cd71b173afd9b611dc39d96cbe68.png"],"assets/imgs/close3x.png":["assets/imgs/close3x.png"],"assets/imgs/import1a.jpg":["assets/imgs/import1a.jpg"],"assets/imgs/import1b.jpg":["assets/imgs/import1b.jpg"],"assets/imgs/import2.jpg":["assets/imgs/import2.jpg"],"assets/imgs/import2b.jpg":["assets/imgs/import2b.jpg"],"assets/imgs/logo.jpg":["assets/imgs/logo.jpg"],"assets/imgs/logo2.jpg":["assets/imgs/logo2.jpg"],"assets/imgs/logobg.jpg":["assets/imgs/logobg.jpg"],"assets/imgs/logobg2.jpg":["assets/imgs/logobg2.jpg"],"assets/imgs/movie.png":["assets/imgs/movie.png"],"assets/imgs/movie3x.png":["assets/imgs/movie3x.png"],"assets/imgs/mute.png":["assets/imgs/mute.png"],"assets/imgs/rotate1.png":["assets/imgs/rotate1.png"],"assets/imgs/rotate2.png":["assets/imgs/rotate2.png"],"assets/imgs/service.png":["assets/imgs/service.png"],"assets/imgs/share.png":["assets/imgs/share.png"],"assets/imgs/share3x.png":["assets/imgs/share3x.png"],"assets/imgs/sharebg.jpg":["assets/imgs/sharebg.jpg"],"assets/imgs/sound.png":["assets/imgs/sound.png"],"assets/imgs/today.jpg":["assets/imgs/today.jpg"],"assets/imgs/today.png":["assets/imgs/today.png"],"assets/imgs/today1.jpg":["assets/imgs/today1.jpg"],"assets/imgs/vs.png":["assets/imgs/vs.png"],"assets/imgs/vs1.png":["assets/imgs/vs1.png"],"assets/libs/.DS_Store":["assets/libs/.DS_Store"],"assets/libs/36bf019cb9a58ef9af9d86f3272d211c.js":["assets/libs/36bf019cb9a58ef9af9d86f3272d211c.js"],"assets/libs/36bf019cb9a58ef9af9d86f3272d211c.lib":["assets/libs/36bf019cb9a58ef9af9d86f3272d211c.lib"],"assets/libs/72986188edff8bc599589d68815d8d2b.js":["assets/libs/72986188edff8bc599589d68815d8d2b.js"],"assets/libs/72986188edff8bc599589d68815d8d2b.lib":["assets/libs/72986188edff8bc599589d68815d8d2b.lib"],"assets/libs/996af826f1bb8e7c80b2fb5f9bf9f958.js":["assets/libs/996af826f1bb8e7c80b2fb5f9bf9f958.js"],"assets/libs/996af826f1bb8e7c80b2fb5f9bf9f958.lib":["assets/libs/996af826f1bb8e7c80b2fb5f9bf9f958.lib"],"assets/libs/ef3d8fe29b828eae99b1b21bb86d559f.js":["assets/libs/ef3d8fe29b828eae99b1b21bb86d559f.js"],"assets/libs/ef3d8fe29b828eae99b1b21bb86d559f.lib":["assets/libs/ef3d8fe29b828eae99b1b21bb86d559f.lib"],"assets/libs/f37e7367b13c88a0a3f79503bc08fc8d.js":["assets/libs/f37e7367b13c88a0a3f79503bc08fc8d.js"],"assets/libs/f37e7367b13c88a0a3f79503bc08fc8d.lib":["assets/libs/f37e7367b13c88a0a3f79503bc08fc8d.lib"],"assets/libs/index.html":["assets/libs/index.html"],"assets/roms/.DS_Store":["assets/roms/.DS_Store"],"assets/roms/Bobl.nes":["assets/roms/Bobl.nes"],"assets/roms/CelesteClassic.gba":["assets/roms/CelesteClassic.gba"],"assets/roms/LJ65.nes":["assets/roms/LJ65.nes"],"assets/roms/SuperBossGaiden.sfc":["assets/roms/SuperBossGaiden.sfc"],"assets/roms/TwinDragons.nes":["assets/roms/TwinDragons.nes"],"assets/roms/alienar.zip":["assets/roms/alienar.zip"],"packages/flutter_inappwebview/assets/t_rex_runner/t-rex.css":["packages/flutter_inappwebview/assets/t_rex_runner/t-rex.css"],"packages/flutter_inappwebview/assets/t_rex_runner/t-rex.html":["packages/flutter_inappwebview/assets/t_rex_runner/t-rex.html"],"packages/flutter_inappwebview_web/assets/web/web_support.js":["packages/flutter_inappwebview_web/assets/web/web_support.js"]}